mode,mean_dep_time_h,sd_dep_time_h,p50_departed_by_h,p90_departed_by_h,KS_original_vs_s1_only_pvalue,KS_switch_vs_blend_pvalue,variance_ratio_std_switch_over_std_blend
original,2.4101666666666666,2.845396167867357,2.0,6.0,1.0,0.00021726198413708233,1.1825276711220027
s1_only,2.4101666666666666,2.845396167867357,2.0,6.0,1.0,0.00021726198413708233,1.1825276711220027
switch,1.879,2.4892552564884394,1.0,5.0,1.0,0.00021726198413708233,1.1825276711220027
blend,1.618,2.1050291822148997,1.0,4.0,1.0,0.00021726198413708233,1.1825276711220027
