alpha,beta,kappa,loss,T1_model,T2_model,T3_model,T4_model,tau_star
1.0,2.0,5.0,2.5781234127541657,0.033112582781456956,0.019867549668874173,0.35766423357664234,0.02074688796680498,363.6363636363636
