alpha,beta,kappa,max_move_speed,loss,T1_model,T2_model,T3_model,T4_model
1.0,2.0,5.0,5,4.936776468091456,0.011764705882352941,0.0058823529411764705,0.19607843137254902,0.032670454545454544
1.0,2.0,5.0,40,6.4607032885052895,0.02535211267605634,0.01971830985915493,0.1,0.00267379679144385
