alpha,beta,kappa,max_move_speed,loss,T1_model,T2_model,T3_model,T4_model,tau_star
1.0,2.0,5.0,5,6.718964954251291,0.004405286343612335,0.004405286343612335,0.9074074074074074,0.17472118959107807,32.72727272727273
1.0,2.0,5.0,40,2.0540388199176616,0.02558139534883721,0.01627906976744186,0.49404761904761907,0.04244897959183674,261.8181818181818
