tstar,tstarstar,tau_star,mean_s2_t0,mean_s2_tstar,mean_s2_tstarstar,std_s2_tstar,std_s2_tstarstar
200,200,0.996,0.634206471949808,0.35633011524396796,0.35633011524396796,0.32312786787957587,0.32312786787957587
