{
  "200": 0.3333333333333333,
  "100": 0.3333333333333333,
  "100_v2": 0.3333333333333333
}