mode,mean_dep_time_h,sd_dep_time_h,p50_departed_by_h,p90_departed_by_h,KS_original_vs_s1_only_pvalue,KS_switch_vs_blend_pvalue,variance_ratio_std_switch_over_std_blend
original,2.3685,2.794639407550887,2.0,6.0,1.0,0.015289224806158845,1.204062718096337
s1_only,2.3685,2.794639407550887,2.0,6.0,1.0,0.015289224806158845,1.204062718096337
switch,1.8103333333333333,2.411568472862722,1.0,5.0,1.0,0.015289224806158845,1.204062718096337
blend,1.583,2.0028595160520304,1.0,4.0,1.0,0.015289224806158845,1.204062718096337
