mode,mean_dep_time_h,sd_dep_time_h,p50_departed_by_h,p90_departed_by_h,KS_original_vs_s1_only_pvalue,KS_switch_vs_blend_pvalue,variance_ratio_std_switch_over_std_blend
original,2.3884,2.8294074555125253,2.0,6.0,1.0,0.0002491517490183364,1.1902741233760408
s1_only,2.3884,2.8294074555125253,2.0,6.0,1.0,0.0002491517490183364,1.1902741233760408
switch,1.8762,2.5166923348040804,1.0,5.0,1.0,0.0002491517490183364,1.1902741233760408
blend,1.6212,2.114380448485132,1.0,4.0,1.0,0.0002491517490183364,1.1902741233760408
