mode,mean_dep_time_h,sd_dep_time_h,p50_departed_by_h,p90_departed_by_h,KS_original_vs_s1_only_pvalue,KS_switch_vs_blend_pvalue,variance_ratio_std_switch_over_std_blend
original,2.1133333333333333,2.633371349240245,1.0,6.0,1.0,0.06941898932762738,1.1749884004527882
s1_only,2.1133333333333333,2.633371349240245,1.0,6.0,1.0,0.06941898932762738,1.1749884004527882
switch,1.563,2.178720298024241,1.0,4.0,1.0,0.06941898932762738,1.1749884004527882
blend,1.4016666666666666,1.8542483459280614,1.0,4.0,1.0,0.06941898932762738,1.1749884004527882
