mode,mean_dep_time_h,sd_dep_time_h,p50_departed_by_h,p90_departed_by_h,KS_original_vs_s1_only_pvalue,KS_switch_vs_blend_pvalue,variance_ratio_std_switch_over_std_blend
original,2.0841666666666665,2.701227883309456,1.0,,1.0,0.12485799086271647,1.1808333927975245
s1_only,2.0841666666666665,2.701227883309456,1.0,,1.0,0.12485799086271647,1.1808333927975245
switch,1.501,2.1721998239908524,1.0,,1.0,0.12485799086271647,1.1808333927975245
blend,1.3736666666666666,1.8395480998760305,1.0,,1.0,0.12485799086271647,1.1808333927975245
