mode,mean_dep_time_h,sd_dep_time_h,p50_departed_by_h,p90_departed_by_h,KS_original_vs_s1_only_pvalue,KS_switch_vs_blend_pvalue,variance_ratio_std_switch_over_std_blend
original,2.3851666666666667,2.8860356036969685,2.0,,1.0,0.022602255263052186,1.2130826999016477
s1_only,2.3851666666666667,2.8860356036969685,2.0,,1.0,0.022602255263052186,1.2130826999016477
switch,1.7793333333333334,2.4469649558459308,1.0,,1.0,0.022602255263052186,1.2130826999016477
blend,1.5668333333333333,2.017146033031649,1.0,,1.0,0.022602255263052186,1.2130826999016477
