mode,mean_dep_time_h,sd_dep_time_h,p50_departed_by_h,p90_departed_by_h,KS_original_vs_s1_only_pvalue,KS_switch_vs_blend_pvalue,variance_ratio_std_switch_over_std_blend
original,2.3406,2.7405280036423183,1.0,6.0,1.0,0.48067530684717075,1.1336950971248976
s1_only,2.3406,2.7405280036423183,1.0,6.0,1.0,0.48067530684717075,1.1336950971248976
switch,1.7276,2.3656959955811527,1.0,5.0,1.0,0.48067530684717075,1.1336950971248976
blend,1.5922,2.086712733944661,1.0,4.0,1.0,0.48067530684717075,1.1336950971248976
