mode,mean_dep_time_h,sd_dep_time_h,p50_departed_by_h,p90_departed_by_h,KS_original_vs_s1_only_pvalue,KS_switch_vs_blend_pvalue,variance_ratio_std_switch_over_std_blend
original,2.129,2.654153930887985,1.0,6.0,1.0,0.022602255263052186,1.2309675741493928
s1_only,2.129,2.654153930887985,1.0,6.0,1.0,0.022602255263052186,1.2309675741493928
switch,1.5956666666666666,2.2907908043527474,1.0,4.0,1.0,0.022602255263052186,1.2309675741493928
blend,1.4031666666666667,1.8609676261665136,1.0,4.0,1.0,0.022602255263052186,1.2309675741493928
