mode,mean_dep_time_h,sd_dep_time_h,p50_departed_by_h,p90_departed_by_h,KS_original_vs_s1_only_pvalue,KS_switch_vs_blend_pvalue,variance_ratio_std_switch_over_std_blend
original,2.3506,2.7384629769078823,1.0,6.0,1.0,0.07944109090029532,1.1935321907580472
s1_only,2.3506,2.7384629769078823,1.0,6.0,1.0,0.07944109090029532,1.1935321907580472
switch,1.8442,2.583730150828151,1.0,5.0,1.0,0.07944109090029532,1.1935321907580472
blend,1.641,2.164776258935378,1.0,4.0,1.0,0.07944109090029532,1.1935321907580472
