mode,mean_dep_time_h,sd_dep_time_h,p50_departed_by_h,p90_departed_by_h,KS_original_vs_s1_only_pvalue,KS_switch_vs_blend_pvalue,variance_ratio_std_switch_over_std_blend
original,2.0184,2.5183585658069414,1.0,5.0,1.0,0.08356386970000997,1.2172209578532678
s1_only,2.0184,2.5183585658069414,1.0,5.0,1.0,0.08356386970000997,1.2172209578532678
switch,1.5312,2.2116068368858404,1.0,4.0,1.0,0.08356386970000997,1.2172209578532678
blend,1.3564,1.81693128319636,1.0,4.0,1.0,0.08356386970000997,1.2172209578532678
