{
  "cmc_values_tested": [
    0.2,
    0.225,
    0.25,
    0.275,
    0.3
  ],
  "consistency_check_passed": true,
  "consistency_note": "At CMC=0.25, alpha*=1.6667 (drift 0.00% from Day 8 v2); beta*=2.1667 (drift 0.00% from Day 8 v2); kappa* at CMC=0.25 = 15.000; flat_region=[12.00, 35.00]; in_region=True.",
  "kappa_centre_used": 15.0,
  "kappa_centre_source": "kappa_centre_override from Task A (verdict=FLAT; flat_onset_kappa=12.0)",
  "fine_grid_axes_default": {
    "alpha": [
      1.25,
      1.3888888888888888,
      1.527777777777778,
      1.6666666666666667,
      1.8055555555555558,
      1.9444444444444446,
      2.0833333333333335
    ],
    "beta": [
      1.625,
      1.8055555555555556,
      1.986111111111111,
      2.1666666666666665,
      2.347222222222222,
      2.5277777777777777,
      2.708333333333333
    ],
    "kappa": [
      11.25,
      12.5,
      13.75,
      15.0,
      16.25,
      17.5,
      18.75
    ]
  },
  "reps_per_point": 7,
  "results": {
    "0.200": {
      "alpha_star": 1.6666666666666667,
      "beta_star": 2.1666666666666665,
      "kappa_star": 13.75,
      "L2_min": 0.00017797037236719684,
      "boundary_warning": "NONE"
    },
    "0.225": {
      "alpha_star": 1.6666666666666667,
      "beta_star": 2.1666666666666665,
      "kappa_star": 12.5,
      "L2_min": 0.00018467449665175264,
      "boundary_warning": "NONE"
    },
    "0.250": {
      "alpha_star": 1.6666666666666667,
      "beta_star": 2.1666666666666665,
      "kappa_star": 15.0,
      "L2_min": 0.00012419666618477857,
      "boundary_warning": "NONE"
    },
    "0.275": {
      "alpha_star": 1.6666666666666667,
      "beta_star": 2.1666666666666665,
      "kappa_star": 13.75,
      "L2_min": 0.00018300853555357948,
      "boundary_warning": "NONE"
    },
    "0.300": {
      "alpha_star": 1.6666666666666667,
      "beta_star": 2.347222222222222,
      "kappa_star": 12.5,
      "L2_min": 0.000207839652906621,
      "boundary_warning": "NONE"
    }
  },
  "max_alpha_drift_pct": 0.0,
  "max_beta_drift_pct": 8.333333333333325,
  "max_kappa_drift_pct": 16.666666666666664,
  "stability_verdict": "MODERATE",
  "stability_note": "Moderate drift (max 16.67%): alpha drift 0.00%, beta drift 8.33%, kappa drift 16.67%.",
  "paper_language": "alpha* = 1.67 (range 1.67-1.67 across CMC in [0.20, 0.30]); beta* = 2.17 (range 2.17-2.35); kappa operating point within flat region in all cases (range 12.50-15.00). CMC sensitivity is moderate; ranges reported alongside point estimates.",
  "day8_locked": {
    "alpha": 1.6666666666666667,
    "beta": 2.1666666666666665,
    "kappa": 18.40740740740741,
    "cmc": 0.25
  },
  "scenario": "route6_closed",
  "n_agents": 300,
  "n_steps": 72
}